Tweet,Sentiment
Turquoise Bracelet - Cross - Sterling Silver Jewelry - Cinnibar Jewellery - Fashion - Mod - Funky https://t.co/gQsby5Urq2 via @Etsy,0.1
@thefuckistevvs My name is comet,0.0
Lookbook: Jowys Fashion Consulting launches its 2018 business casual¬†collection https://t.co/wchkhruvny https://t.co/1G9ZffKLm4,-0.5000000000000001
RT @CherishMiracle: Lmfao this is what you call a good ole fashion party back in the day. https://t.co/BoRzoJ3RlA,0.35
"@MeechIsDEAD You said it best,"" Same n**** rapping ‚Äôbout same whips, same fashion/And bitches tryna get real love with fake asses.""",0.20833333333333334
#goat,0.0
RT @gucci1017: Never quit or give up in any form or fashion!,0.0
"Braid it Up, Chain it Down.",-0.15555555555555559
Model: @neshanycee,0.0
Check out more dope fashion from #sxsw2018 in‚Ä¶ https://t.co/PIRXkacJu5,0.5
RT @gigixhadid: .@GiGiHadid on Magazine for Fashion‚Äôs April 2018 issue. #TOMMYXGIGI ‚ù£Ô∏è https://t.co/rCSSZUFO4M,0.0
RT @CherishMiracle: Lmfao this is what you call a good ole fashion party back in the day. https://t.co/BoRzoJ3RlA,0.35
RT @lucasandsteve: Just a casual day in Myanmarüòú#fashion #ootdmyanmar https://t.co/Kk3gBgZpHl,-0.5000000000000001
Lookbook: Jowys Fashion Consulting launches its 2018 business casual¬†collection https://t.co/rm9GLhI5ff https://t.co/1whi2uOzDD,-0.5000000000000001
"@connie_rodeconn @AndyKroll On one hand, it's a natsec issue courts ill-equipped to address.",0.0
(i.e. BO encouraging H‚Ä¶ https://t.co/DO9cMfKxs2,0.0
RT @CherishMiracle: Lmfao this is what you call a good ole fashion party back in the day. https://t.co/BoRzoJ3RlA,0.35
RT @MaheshHindu: @Javedakhtarjadu @LillyMaryPinto @FarOutAkhtar It had become a fashion that some serious crimes by minorities had to be br‚Ä¶,-0.3333333333333333
"RT @EmilyyBecca: My Pinterest: the Home of all things fashion, summer, travel, photography, interiors and of course, dogs.üê∂ let‚Äôs be friend‚Ä¶",0.0
"RT @SouthernHomo: Don't talk to me about your Drag Race opinions if you don't watch the entire episode, and also Untucked, Fashion Photo Ru‚Ä¶",-0.05
RT @CherishMiracle: Lmfao this is what you call a good ole fashion party back in the day. https://t.co/BoRzoJ3RlA,0.35
"RT @BoF: Captured by Karl Lagerfeld, @Dior Homme's latest Autumn '18 campaign stars Robert Pattinson. Revisit the collection: https://t.co/‚Ä¶",0.5
Spend $50 or more and Save 20% OFF your Order now using code word ‚ÄúSpring18‚Äù üî•üî•üî•üî•,0.5
#EcstacyShop #OnlineShopping‚Ä¶ https://t.co/ZsR3r6Iwd9,0.0
RT @CherishMiracle: Lmfao this is what you call a good ole fashion party back in the day. https://t.co/BoRzoJ3RlA,0.35
Amber Bracelet - Sterling Silver Jewelry - Gemstone Jewellery - Wire Wrapped - Fashion https://t.co/dAqf03UkLV via @Etsy,0.0
RT @StaceyLWhitmore: I‚Äôm definitely in the pink this week!,-0.0625
#staceywhitmorejewelry #fashion #mypassion #staceywhitmore #designer #womenentr‚Ä¶,0.0
RT @Pandablac260: The purple city streets print is now available üêºüî•https://t.co/o3CHyWLUJi  #ThursdayThoughts #Art #pahndablac #artist #dig‚Ä¶,0.4
RT @MirrorFashion: Embrace the checked jacket trend like Karlie Kloss https://t.co/TU0PPx2cPg https://t.co/4sy43PShE6,0.0
Wow! Awesome Fashion. And so much fun fiming! Thanks Ladies! https://t.co/VRm9gDOHRl,0.4375
RT @aegyeontae: „Äå taekook au „Äç,0.0
„Ö° in which there's a raffle in jungkook's fashion design class to find out who's going to model for each s‚Ä¶,0.0
RT @CherishMiracle: Lmfao this is what you call a good ole fashion party back in the day. https://t.co/BoRzoJ3RlA,0.35
"RT @Showbiz_IT: Unlike last time, a 'sanskari' @priyankachopra meets PM Modi wearing a white suit | https://t.co/CnkhuUbKSE https://t.co/u6‚Ä¶",0.0
More pics from the the #LondonCustoms Fashion show it truly was a movie!!!‚Ä¶ https://t.co/Tz6uyvr9bf,0.5
RT @leynabloom: Trying to be the 1st Trans model of color walk a #VictoriaSecret Fashion show. #transisbeautiful #LeynaBloom üíï https://t.co‚Ä¶,0.0
RT @leynabloom: Trying to be the 1st Trans model of color walk a #VictoriaSecret Fashion show. #transisbeautiful #LeynaBloom üíï https://t.co‚Ä¶,0.0
"RT @styIeonstreet: Don't MISS OUT on this GREAT DEAL! This beautiful watch is only $23.98, BUY HERE -&gt;&gt; https://t.co/lQ0hyf4aHb https://t.c‚Ä¶",0.6166666666666667
"RT @soonsshi: get u a man like minghao. has a strong fashion and hair game, is sweet and funny, can sing, rap, dance, make paintings AND ta‚Ä¶",0.15833333333333333
Rucksacks To Hold In Hands - Heart Touching Fashion Summary https://t.co/dvNUBmlLV5,0.5
RT @CherishMiracle: Lmfao this is what you call a good ole fashion party back in the day. https://t.co/BoRzoJ3RlA,0.35
RT @CherishMiracle: Lmfao this is what you call a good ole fashion party back in the day. https://t.co/BoRzoJ3RlA,0.35
RT @gucci1017: Never quit or give up in any form or fashion!,0.0
15% OFF  - Use Code: ZSPRINGDEALS - Women Tank Top - 048 - Dark Blue https://t.co/mGlsADkJQr via @zazzle #blue‚Ä¶ https://t.co/GCgOptUgtQ,0.11666666666666665
fashion show porn avi porn video samples https://t.co/llAQFiQElM,0.0
#Lipstick #Necklace #Women #Partywear #Accessories #Trending #Fashion #Feericguzel,0.0
DM for Orders‚Ä¶ https://t.co/bBYNJFwmk1,0.0
RT @EbayBoostNow: True Religion Women's Jeans Medium Azure Wash Low-Rise Bobby Fit Boot Cut SZ 26 https://t.co/Bh5F7Al4tZ,0.375
#TrueReligion #w‚Ä¶,0.0
Exposed brick can add character and warmth to any room. #interiordesign #exposedbrick‚Ä¶ https://t.co/WAh7jNVYF2,0.0
"Fashion Fantasy,amazing dressup game! https://t.co/xaZUmE8JIu",-0.5
Embrace the checked jacket trend like Karlie Kloss https://t.co/TU0PPx2cPg https://t.co/4sy43PShE6,0.0
Dursley was some stupid new fashion.,-0.3318181818181818
RT @CherishMiracle: Lmfao this is what you call a good ole fashion party back in the day. https://t.co/BoRzoJ3RlA,0.35
RT @FashionNova: Retweet for a chance to win a $100 Fashion Nova Gift Card!! üí∏üí∏,1.0
RT @CherishMiracle: Lmfao this is what you call a good ole fashion party back in the day. https://t.co/BoRzoJ3RlA,0.35
RT @CherishMiracle: Lmfao this is what you call a good ole fashion party back in the day. https://t.co/BoRzoJ3RlA,0.35
RT @BBGBillionaires: There are 7 Italians ranked among the world's 500 richest people. Three of them made their money from fashion https://‚Ä¶,0.0
Zaful https://t.co/tAou9wpO9f #clothes #zaful #online clothing store #fashion #zaful clothing # discount clothing https://t.co/zBAgbYDzRs,0.0
"RT @SouthernHomo: Don't talk to me about your Drag Race opinions if you don't watch the entire episode, and also Untucked, Fashion Photo Ru‚Ä¶",-0.05
RT @gucci1017: Never quit or give up in any form or fashion!,0.0
RT @Rescuedoffering: Stylish Evening Bag Embellished https://t.co/Nhl6ILYbCX¬† #etsyspecialT #specialtoo #specialT   #specialT  @Panther_RTs‚Ä¶,0.5
"Someone described my ""fashion sense"" to me as tropical goth. I guess I'm breaking ground by wearing Hawaiian shirts over metal band t-shirts",0.0
RT @CherishMiracle: Lmfao this is what you call a good ole fashion party back in the day. https://t.co/BoRzoJ3RlA,0.35
RT @CherishMiracle: Lmfao this is what you call a good ole fashion party back in the day. https://t.co/BoRzoJ3RlA,0.35
RT @CherishMiracle: Lmfao this is what you call a good ole fashion party back in the day. https://t.co/BoRzoJ3RlA,0.35
March's Beauty and Fashion Product Roundup 2018 - SaraLee's Deals Steals &amp; Giveaways https://t.co/OH8hssDGx8 #SDSG https://t.co/zvA2fAIcLY,0.0
RT @CherishMiracle: Lmfao this is what you call a good ole fashion party back in the day. https://t.co/BoRzoJ3RlA,0.35
RT @milanoysl: this is how i got into fashion https://t.co/ebAA1U9koS,0.0
RT @CherishMiracle: Lmfao this is what you call a good ole fashion party back in the day. https://t.co/BoRzoJ3RlA,0.35
RT @CherishMiracle: Lmfao this is what you call a good ole fashion party back in the day. https://t.co/BoRzoJ3RlA,0.35
RT @CherishMiracle: Lmfao this is what you call a good ole fashion party back in the day. https://t.co/BoRzoJ3RlA,0.35
RT @leynabloom: Trying to be the 1st Trans model of color walk a #VictoriaSecret Fashion show. #transisbeautiful #LeynaBloom üíï https://t.co‚Ä¶,0.0
RT @LeenaKumari3012: Since Tzuyu said Mina is good at picking up latest fashion trends etc why can't JYPE just let Mina style Twice? Honest‚Ä¶,0.6
@ZDavi My man was diiiiiiiiirty Mackin in a romantic fashion,0.0
Explore https://t.co/C1gs4et7Ab and find your perfect Spring bag üëú,1.0
#isabellarhea #spring #handbag #madeinItaly‚Ä¶ https://t.co/XMHmgBHttY,0.0
RT @CherishMiracle: Lmfao this is what you call a good ole fashion party back in the day. https://t.co/BoRzoJ3RlA,0.35
"RT @helloaycan: 51 post ideas for fashion bloggers, who are camera shy, or for those who want to be behind the lens.",-0.45
https://t.co/vg3lLP08‚Ä¶,0.0
Smoky Quartz Bracelet - Brown Jewelry - Sterling Silver Bee Charm - Gemstone Jewellery - Chunky - Fashion https://t.co/4JMiICGbZE via @Etsy,0.0
RT @CherishMiracle: Lmfao this is what you call a good ole fashion party back in the day. https://t.co/BoRzoJ3RlA,0.35
"Am apreciat un videoclip pe @YouTube, https://t.co/kHcbpokusD Old Fashion / Walnut Cake Cookies / Southern Cooking",0.05
"Do not kill innocent, helpless creatures for food, flavour, feather, fashion, festival, fur or fun. Be 100% Vegetar‚Ä¶ https://t.co/Zluz3RwliC",0.4
RT @CherishMiracle: Lmfao this is what you call a good ole fashion party back in the day. https://t.co/BoRzoJ3RlA,0.35
RT @leynabloom: Trying to be the 1st Trans model of color walk a #VictoriaSecret Fashion show. #transisbeautiful #LeynaBloom üíï https://t.co‚Ä¶,0.0
RT @CrayonToCrayon: Fashion!,0.0
tern to the left,0.0
Fashion!,0.0
tern to the right https://t.co/bavOktmtbL,0.2857142857142857
RT @CherishMiracle: Lmfao this is what you call a good ole fashion party back in the day. https://t.co/BoRzoJ3RlA,0.35
Turquoise Bracelet - Turquoise Jewelry - Gold Jewelry - Orange Carnelian Gemstone Jewellery - Fashion - Beaded‚Ä¶ https://t.co/mKpTkK3i5C,0.0
Fashion Pool #etsymnt #etsyhmw #boebot https://t.co/PpQlaQoIKO https://t.co/LIDkVDV1VN,0.0
Are you invited to check the next trends in fashion?,0.0
#hikiniproject #coolhunting #hikini https://t.co/rl8Id8gTJS,0.0
RT @CherishMiracle: Lmfao this is what you call a good ole fashion party back in the day. https://t.co/BoRzoJ3RlA,0.35
RT @dokyeeom: omg seokmin literally has a different pair of headphones to match every outfit. first of all nice fashion forward thinking se‚Ä¶,0.2833333333333333
"@BergamBro Quite the unexpected reaction! It appears that once again, Lavender has fallen prey to one of his big br‚Ä¶ https://t.co/7EmIHe5btb",0.0625
RT @hannahbowen505: I get that certain breeds of dogs are super cute. What I don't understand is paying hundreds or thousands of dollars fo‚Ä¶,0.34920634920634913
"RT @wmag: Introducing @ThisIsSigrid, the Scandinavian fashion darling who's taking Coachella by storm: https://t.co/ba9CeL2lO5 https://t.co‚Ä¶",0.0
"RT @wearuforever: The home of accessories and essentials, from watches to sunglasses and more.",0.5
#accessories #fashion #trends #trend #styl‚Ä¶,0.0
"RT @innocentaeri: ""Baekhyun is lika a white paper. No matter what kind of fashion concept he wear, he is able to capture the distinct point‚Ä¶",0.35000000000000003
RT @leynabloom: Trying to be the 1st Trans model of color walk a #VictoriaSecret Fashion show. #transisbeautiful #LeynaBloom üíï https://t.co‚Ä¶,0.0
We have amazing fashion here.Gildan Ultra Cotton T-shirt Unisex - Navy,0.6000000000000001
#Freeshipping,0.0
RT @CherishMiracle: Lmfao this is what you call a good ole fashion party back in the day. https://t.co/BoRzoJ3RlA,0.35
RT @CherishMiracle: Lmfao this is what you call a good ole fashion party back in the day. https://t.co/BoRzoJ3RlA,0.35
RT @wwd: .@Hermes_Paris' new exhibit will show how its iconic handbags are made: https://t.co/HeKKZdfVyJ https://t.co/XcSiCp3kKK,0.3181818181818182
RT @CherishMiracle: Lmfao this is what you call a good ole fashion party back in the day. https://t.co/BoRzoJ3RlA,0.35
RT @CherishMiracle: Lmfao this is what you call a good ole fashion party back in the day. https://t.co/BoRzoJ3RlA,0.35
"RT @FreeformTV: Two different worlds. One force together. Our new show, Marvel‚Äôs¬†@CloakAndDagger, premieres June 7th. https://t.co/ukJu0aex‚Ä¶",0.06818181818181818
Designed to make sure you work in style &amp; sleep in elegance üòé,0.5
https://t.co/ULso12gzdx,0.0
#Workbeforesleep #clothing #fashion #style,0.0
RT @CherishMiracle: Lmfao this is what you call a good ole fashion party back in the day. https://t.co/BoRzoJ3RlA,0.35
"From Hollow man song: ""only designer clothes, like a fashion magazine...""",-0.05
Spotify https://t.co/7HCh9XqJwb,0.0
Apple Mus‚Ä¶ https://t.co/Ih2ecgAUUO,0.0
"RT @SouthernHomo: Don't talk to me about your Drag Race opinions if you don't watch the entire episode, and also Untucked, Fashion Photo Ru‚Ä¶",-0.05
